Unnamed: 0,V,W,X,Y,Z
A,0.3860303121135517,2.084018530338962,-0.376518675249239,0.230336343592407,0.6812092925867574
B,1.0351250747739211,-0.0311604814930996,1.9399323109926203,-1.005186917256266,-0.7417897046689249
C,0.1871245217641948,-0.7328451475428807,-1.3829200981158674,1.48249549608345,0.9614581560918356
D,-2.1412122910809264,0.9925734530526948,1.1922406372754866,-1.046779537698498,1.2927645769293514
E,-1.4675140203361003,-0.4940953583391227,-0.1625347347726149,0.485808737454861,0.3924888110794439
F,0.2214906850035454,-0.8551960407780934,1.541990408031232,0.6663193209198146,-0.5382346255173922
G,-0.5685813606701186,1.4073382479609386,0.6418055114450044,-0.905099901810439,-0.3911566271858832
